selected,authors,title,url,conf,code,slides,comments,tags
TRUE,"Andrea Lottarini, Stephen A. Edwards, Kenneth A. Ross, Martha A. Kim",Network Synthesis for Database Processing Units,https://dl.acm.org/citation.cfm?doid=3061639.3062289,DAC 2017,,,,
TRUE,"Bingyi Cao, Kenneth A. Ross, Stephen A. Edwards, Martha A. Kim","Deadlock-free joins in DB-mesh, an asynchronous systolic array accelerator",https://dl.acm.org/citation.cfm?doid=3076113.3076118,DAMON 2017,,,,
TRUE,"Eugene Wu, Fotis Psallidas, Zhengjie Miao, Haoci Zhang,Laura Rettig, Yifan Wu, Thibault Sellam",Combining Design and Performance in a Data Visualization Management System,https://www.dropbox.com/s/0rdjsv7m7wbhmlk/cidr17-camera.pdf?dl=0,CIDR 2017,,,,
TRUE,"Yifan Wu, Joe Hellerstein, Eugene Wu",A DeVIL-ish Approach to Inconsistency in Interactive Visualizations,http://sirrice.github.io/files/papers/devil-hilda16.pdf,Hilda 2016,,,,
TRUE,"Daniel Alabi, Eugene Wu",PFunk-H: Approximate Query Processing using Perceptual Models,http://sirrice.github.io/files/papers/pfunk-hilda16.pdf,Hilda 2016,,,,
TRUE,"Sanjay Krishnan, Daniel Haas, Michael J. Franklin, Eugene Wu",Towards Reliable Interactive Data Cleaning: A User Survey and Recommendations,http://sirrice.github.io/files/papers/cleaning-hilda16.pdf,Hilda 2016,,,,
TRUE,"Sanjay Krishnan, Michael Franklin, Ken Goldberg, Jiannan Wang, Eugene Wu",ActiveClean: An Interactive Data Cleaning Framework For Modern Machine Learning,http://eugenewu.net/files/papers/activeclean-sigmod16demo.pdf,SIGMOD 2016 Demo,,,,
TRUE,"E. A. Sitaridi, O. Polychroniou, K. A. Ross",SIMD-accelerated regular expression matching,http://doi.acm.org/10.1145/2933349.2933357,DAMON 2016,,,,
TRUE,J. Paparrizos and L. Gravano,k-Shape: Efficient and Accurate Clustering of Time Series,https://sigmodrecord.org/2016/04/23/efficient-and-accurate-clustering-of-time-series/,SIGMOD Record 2016,,,,
TRUE,"J. Paparrizos, R. W. White, and E. Horvitz",Detecting Devastating Diseases in Search Logs,http://www.kdd.org/kdd2016/papers/files/adp0533-paparrizosA.pdf,SIGKDD 2016,,,,
TRUE,"J. Paparrizos, R. W. White, and E. Horvitz",Screening for Pancreatic Adenocarcinoma Using Signals From Web Search Logs: Feasibility Study and Results,http://jop.ascopubs.org/content/early/2016/06/02/JOP.2015.010504.abstract,Journal of Oncology Practice,,,,
TRUE,"D. Haas, J. Wang, E. Wu, and M J. Franklin",CLAMShell: Speeding up Crowds for Low-latency Data Labeling,http://arxiv.org/pdf/1509.05969.pdf,VLDB 2016,,,,
TRUE,"Evangelia A. Sitaridi, RenŽ MŸller, Tim Kaldewey, Guy M. Lohman, Kenneth A. Ross",Massively-Parallel Lossless Data Decompression,http://ieeexplore.ieee.org/document/7573824/,ICPP 2016,,,,
TRUE,"S. Sheth, C. Murphy, K. A. Ross, D. E. Shasha",A Course on Programming and Problem Solving,http://doi.acm.org/10.1145/2839509.2844594,SIGCSE 2016,,,,
TRUE,E. Sitaridi and K. A. Ross,GPU-accelerated string matching for database applications,http://dx.doi.org/10.1007/s00778-015-0409-y,VLDB Journal 2016,,,,
TRUE,"M. Sadoghi, K. A. Ross, M. Canim, B. Bhattacharjee",Exploiting SSDs in operational multiversion databases,http://dx.doi.org/10.1007/s00778-015-0410-5,VLDB Journal 2016,,,,
TRUE,E. Wu and A. Nandi,Towards Perception-aware Interactive Data Visualization Systems,http://perceptvis.github.io/wu_nandi_dsia15.pdf,DSIA 2015,,,,
TRUE,"S. Krishnan, J. Wang, M. J. Franklin, K. Goldberg, T. Kraska, T. Milo, and E. Wu",SampleClean: Fast and Reliable Analytics on Dirty Data,http://sirrice.github.io/files/papers/sampleclean-overview.pdf,Overview paper,,,,
TRUE,"L. Wu, A. Lottarini, T. K. Paine, M. A. Kim, K. A. Ross",The Q100 Database Processing Unit,http://dx.doi.org/10.1109/MM.2015.51,IEEE MICRO,,,,
TRUE,O. Polychroniou and K. A. Ross,Efficient Lightweight Compression Alongside Fast Scans,http://dl.acm.org/citation.cfm?doid=2771937.2771943,DAMON 2015,,,,
TRUE,"B. Cao, K. A. Ross, M. A. Kim, and S. A. Edwards",Implementing Latency-Insensitive Dataflow Blocks,http://arcade.cs.columbia.edu/lid-memocode15.pdf,MEMOCODE 2015,,,,
TRUE,"D. Haas, S. Krishnan, J. Wang, M. J. Franklin, and E. Wu",Wisteria: Nurturing Scalable Data Cleaning Infrastructure (Demo),http://sirrice.github.io/files/paper/wisteria.pdf,VLDB 2015,,,,
TRUE,"A. Bhardwaj, A. Deshpande, A. Elmore, D. Karger, S. Madden, A. Parameswaran, H. Subramanyam, E. Wu, and R. Zhang",Collaborative Data Analytics with Datahub (Demo),http://sirrice.github.io/files/papers/datahubdemo.pdf,VLDB 2015,,,,
TRUE,"P. Barrio, L. Gravano, and C. Develder",Ranking Deep Web Text Collections for Scalable Information Extraction,#,CIKM 2015,,,,
TRUE,J. Paparrizos and L. Gravano,k-Shape: Efficient and Accurate Clustering of Time Series,#,SIGMOD 2015,,,,
TRUE,"P. Barrio, G. Sim›es, H. Galhardas, and L. Gravano",Learning to Rank Adaptively for Scalable Information Extraction,#,EDBT 2015,,,,
TRUE,"O. Polychroniou, A. Raghavan, K. A. Ross",Rethinking SIMD Vectorization for In-Memory Databases,http://dl.acm.org/citation.cfm?id=2747645,SIGMOD 2015,,,,
TRUE,"E. Wu, L. Battle, and S. Madden",The Case for Data Visualization Management Systems,http://sirrice.github.io/files/papers/ermac-vldb14.pdf,VLDB 2014,,,,
TRUE,"L. Wu, R. J. Barker, M. A. Kim, K. A. Ross:",Hardware Partitioning for Big Data Analytics,http://dx.doi.org/10.1109/MM.2014.11,IEEE MICRO,,,,
TRUE,"M. Sadoghi, M. Canim, B. Bhattacharjee, F. Nagel, K. A. Ross",Reducing Database Locking Contention Through Multi-version Concurrency,http://www.vldb.org/pvldb/vol7/p1331-sadoghi.pdf,PVLDB 2014,,,,
TRUE,"L. Wu, O. Polychroniou, R. J. Barker, M. A. Kim, and K. A. Ross",Energy Analysis of Hardware and Software Range Partitioning,http://dl.acm.org/citation.cfm?id=2638550,TOCS 2014,,,,
TRUE,K. A. Ross,Coherent Somatic Mutation in Autoimmune Disease,http://www.plosone.org/article/info%3Adoi%2F10.1371%2Fjournal.pone.0101093,PLoS One 2014,,,,
TRUE,O. Polychroniou and K. A. Ross,Vectorized Bloom Filters for Advanced SIMD Processors,http://dl.acm.org/citation.cfm?id=2619228.2619234,DAMON 2014,,,,
TRUE,"L. Wu, A. Lottarini, T. K. Paine, M. A. Kim, and K. A. Ross",Q100: The Architecture and Design of a Database Processing Unit,http://dl.acm.org/citation.cfm?doid=2541940.2541961,ASPLOS 2014,,,,
TRUE,O. Polychroniou and K. A. Ross,A Comprehensive Study of Main-memory Partitioning and its Application to Large-scale Comparison- and Radix-sort,http://dl.acm.org/citation.cfm?doid=2588555.2610522,SIGMOD 2014,,,,
TRUE,"O. Polychroniou, R. Sen, and K. A. Ross",Track Join: Distributed Joins with Minimal Network Traffic,http://dl.acm.org/citation.cfm?doid=2588555.2610521,SIGMOD 2014,,,,
TRUE,"F. Psallidas, L. Gravano, and many others",Detecting Foodborne Disease Outbreaks Using Social Media (demonstration),,"NYC Media Lab's Annual Summit, 2014",,,,
TRUE,"N. Elhadad, L. Gravano, D. Hsu, S. Balter, V. Reddy, and H. Waechter",Information Extraction from Social Media for Public Health,,"KDD at Bloomberg Workshop, Data Frameworks Track (KDD 2014), 2014",,,,
TRUE,"P. Barrio, G. Sim›es, H. Galhardas, and L. Gravano",REEL: A Relation Extraction Learning Framework (poster),,JCDL 2014,,,,
TRUE,"C. Harrison, M. Jorder, H. Stern, F. Stavinsky, V. Reddy, H. Hanson, H. Waechter, L. Lowe, L. Gravano, and S. Balter","Using Online Reviews by Restaurant Patrons to Identify Unreported Cases of Foodborne Illness Ñ New York City, 2012Ð2013",,Centers for Disease Control and Prevention Morbidity and Mortality Weekly Report 2014,,,,
,"E. Wu, A. Marcus, and S. Madden",Data In Context: Aiding News Consumers while Taming Dataspaces,http://sirrice.github.io/files/papers/dataincontext.pdf,DBCrowd 2013,,,,
,"A. Cheung, L. Ravindranath, E. Wu, S. Madden, and H. Balakrishnan",Mobile applications need Targeted Micro-updates,http://sirrice.github.io/files/papers/apsys13.pdf,APSYS 2013,,,,
,E. Wu and S. Madden,Scorpion: Explaining Away Outliers in Aggregate Queries,http://sirrice.github.io/files/papers/scorpion-vldb13.pdf,VLDB 2013 (Selected as one of the best papers of the conference!),,,,
,"E. Wu, S. Madden, and M. Stonebraker",SubZero: a Fine-Grained Lineage System for Scientific Databases,http://sirrice.github.io/files/papers/subzero-icde13.pdf,ICDE 2013 (Selected as one of the best papers of the conference!),,,,
,"M. Sadoghi, K. A. Ross, M. Canim, and B. Bhattacharjee",Making Updates Disk-I/O Friendly Using SSDs,http://www.vldb.org/pvldb/vol6/p997-sadoghi.pdf,PVLDB 2013,,,,
,"L. Wu, R. J. Barker, M. A. Kim, and K. A. Ross","Navigating Big Data with High-Throughput, Energy-Efficient Data Partitioning",http://arcade.cs.columbia.edu/harp-isca13.pdf,"ISCA 2013 (A version of this article appears in IEEE Micro 2014 as one of the ""Top Picks""
from 2013.)",,,,
,E. Sitaridi and K. A. Ross,Optimizing Select Conditions on GPUs,http://dl.acm.org/citation.cfm?doid=2485278.2485282,DAMON 2013,,,,
,O. Polychroniou and K. A. Ross,High Throughput Heavy Hitter Aggregation for Modern SIMD Processors,http://dl.acm.org/citation.cfm?doid=2485278.2485284,DAMON 2013,,,,
,"G. Sim›es, H. Galhardas, and L. Gravano",When Speed Has a Price: Fast Information Extraction Using Approximate Algorithms,#,VLDB 2013,,,,
,"F. Psallidas, H. Becker, M. Naaman, and L. Gravano",Effective Event Identification in Social Media,,IEEE Data Eng. Bull. 2013,,,,
,"C. Harrison, M. Joarder, H. Stern, F. Stavinsky, V. Reddy, L. Gravano, and S. Balter",Using Restaurant Review Websites to Identify Unreported Complaints of Foodborne Illness,,"CSTE Annual Conference, Poster 2013",,,,
,"E. Wu, S. Madden, and M. Stonebraker",A Demonstration of DBWipes: Clean as You Query,http://sirrice.github.io/files/papers/dbwipes-vldb2012.pdf,VLDB 2012,,,,
,"A. Marcus, E. Wu, D. Karger, S. Madden, and Robert Miller",Human-powered Sorts and Joins,http://sirrice.github.io/files/papers/qurk-vldb2012.pdf,VLDB 2012,,,,
,"M. Athanassoulis, B. Bhattacharjee, M. Canim, and K. A. Ross",Path Processing Using Solid State Storage,#,ADMS 2012,,,,
,E. Sitaridi and K. A. Ross,Ameliorating Memory Contention of OLAP Operators on GPU Processors,http://dl.acm.org/citation.cfm?doid=2236584.2236590,DAMON 2012 (Best Paper Award winner.),,,,
,"W. Dakka, L. Gravano, and P. Ipeirotis",Answering General Time-Sensitive Queries,http://www1.cs.columbia.edu/~gravano/Papers/2012/tkde12.pdf,TKDE 2012,,,,
,"H. Becker, D. Iter, M. Naaman, and L. Gravano",Identifying Content for Planned Events Across Social Media Sites,#,WSDM 2012,,,,
,E. Wu and S. Madden,Partitioning Techniques for Fine-Grained Indexing,http://sirrice.github.io/files/papers/shinobi-icde11.pdf,ICDE 2011,,,,
,"A. Marcus, E. Wu, D. Karger, S. Madden, and R. Miller",Demonstration of Qurk: A Query Processor for Human Operators,http://sirrice.github.io/files/papers/qurk-sigmod2011.pdf,SIGMOD 2011,,,,
,"Eugene Wu, Carlo Curino, and Sam Madden",No Bits Left Behind,http://sirrice.github.io/files/papers/bits-cidr11.pdf,CIDR 2011,,,,
,"A. Marcus, E. Wu, S. Madden, and R. Miller",Crowdsourced Databases: Query Processing with People,http://sirrice.github.io/files/papers/qurk-cidr11.pdf,CIDR 2011,,,,
,"C. Curino, E. Jones, R. Popa, N. Malviya, E. Wu, S. Madden, H. Balakrishnan, and N. Zeldovich",Relational Cloud: A Database-as-a-Service for the Cloud,http://sirrice.github.io/files/papers/relcloud-cidr11.pdf,CIDR 2011,,,,
,"A. El-Helw, K. A. Ross, B. Bhattacharjee, C. A. Lang, and G. A. Mihaila",Column-Oriented Query Processing for Row Stores,http://dl.acm.org/citation.cfm?doid=2064676.2064689,International Workshop on Data Warehousing and OLAP 2011,,,,
,"D. Sidlauskas, K. A. Ross, C. S. Jensen, and S. Saltenis",Thread-Level Parallel Indexing of Update Intensive Moving-Object Workloads,http://www.springerlink.com/content/ju14p5x32553x1k4/,International Symposium on Advances in Spatial and Temporal Databases 2011,,,,
,"Y. Ye, K. A. Ross, and N. Vesdapunt",Scalable Aggregation on Multicore Processors,http://dl.acm.org/citation.cfm?doid=1995441.1995442,DAMON 2011,,,,
,"B. Bhattacharjee, K. A. Ross, C. A. Lang, G. A. Mihaila, and M. Banikazemi",Enhancing Recovery using an SSD Buffer Pool Extension,http://dl.acm.org/citation.cfm?doid=1995441.1995443,DAMON 2011,,,,
,"J. Stoyanovich, M. Lodha, W. Mee, and K. A. Ross",SkylineSearch: Semantic Ranking and Result Visualization for Pubmed,http://dl.acm.org/citation.cfm?doid=1989323.1989467,SIGMOD 2011 Demo,,,,
,K. A. Ross,"Evidence for somatic gene conversion and deletion in bipolar disorder, Crohn's disease, coronary artery disease, hypertension, rheumatoid arthritis, type-1 diabetes, and type-2 diabetes",http://www.biomedcentral.com/1741-7015/9/12,BMC Medicine 2011,,,,
,"M. Naaman, H. Becker, and L. Gravano",Hip and Trendy: Characterizing Emerging Trends on Twitter,http://www1.cs.columbia.edu/~gravano/Papers/2011/jasist11.pdf,JASIST 2011,,,,
,"H. Becker, M. Naaman, and L. Gravano",Beyond Trending Topics: Real-World Event Identification on Twitter,#,ICWSM 2011,,,,
,"H. Becker, M. Naaman, and L. Gravano",Selecting Quality Twitter Content for Events,#,ICWSM 2011,,,,
,"M. Solomon, L. Gravano, and C. Yu",Quality Impact of Value Matching and Scoring in Top-k Entity Attribute Extraction,,DBRank 2011,,,,
,"H. Becker, F. Chen, D. Iter, M. Naaman, and L. Gravano",Automatic Identification and Presentation of Twitter Content for Planned Events (demonstration),,ICWSM 2011,,,,
,"C. Curino, E. Jones, Y. Zhang, E. Wu, and S. Madden",Relational Cloud: The Case for a Database Service,http://sirrice.github.io/files/papers/caseforrelationalcloud.pdf,MIT CSAIL Technical Report,,,,
,"P. Cudre-Mauroux, E. Wu, and S. Madden",TrajStore: An Adaptive Storage System for Very Large Trajectory Data Sets,http://sirrice.github.io/files/papers/trajstore-icde10.pdf,ICDE 2010,,,,
,"B. Bhattacharjee, M. Canim, C. Lang, G. Mihaila, and K. A. Ross",Storage Class Memory Aware Data Management,http://sites.computer.org/debull/A10dec/bish.pdf,IEEE Data Eng. Bull. 2010,,,,
,"M. Canim, G. Mihaila, B. Bhattacharjee, K. A. Ross, and C. Lang",SSD Bufferpool Extensions for Database Systems,http://www.comp.nus.edu.sg/~vldb2010/proceedings/files/papers/I06.pdf,VLDB 2010,,,,
,"M. Canim, G. Mihaila, B. Bhattacharjee, C. Lang, and K. A. Ross",Buffered Bloom Filters on Solid State Storage,http://www.vldb2010.org/proceedings/files/vldb_2010_workshop/ADMS_2010/adms10-canim.pdf,ADMS 2010,,,,
,"J. Cieslewicz, K. A. Ross, K. Satsumi, and Y. Ye",Automatic Contention Detection and Amelioration for Data Intensive Operations,http://www.cs.columbia.edu/%7Ekar/pubsk/sigmod053-cieslewicz.pdf,SIGMOD 2010,,,,
,K. A. Ross,Optimizing Read Convoys in Main-Memory Query Processing,http://www.cs.columbia.edu/%7Ekar/pubsk/convoy.pdf,DAMON 2010,,,,
,"J. Stoyanovich, W. Mee, and K. A. Ross",Semantic Ranking and Result Visualization for Life Sciences Publications,http://www.cs.columbia.edu/%7Ekar/pubsk/ICDE10_conf_full_040.pdf,ICDE 2010,,,,
,"H. Becker, M. Naaman, and L. Gravano",Learning Similarity Metrics for Event Identification in Social Media,#,WSDM 2010,,,,
,"M. Solomon, C. Yu, and L. Gravano",Popularity-Guided Top-k Extraction of Entity Attributes,,WebDB 2010,,,,
,"H. Becker, B. Xiao, M. Naaman, and L. Gravano",Exploiting Social Links for Event Identification in Social Media (poster),,SSM 2010,,,,
,"E. Wu, P. Cudre-Mauroux, and S. Madden",Demonstration of the TrajStore System,http://sirrice.github.io/files/papers/trajstore-vldb09demo.pdf,VLDB 2009,,,,
,"P. Cudre-Mauroux, E. Wu, and S. Madden","The Case for RodentStore: An Adaptive, Declarative Storage System",http://www-db.cs.wisc.edu/cidr/cidr2009/Paper_97.pdf,CIDR 2009,,,,
,"B. Bhattacharjee, L. Lim, T. Malkemus, G. Mihaila, K. A. Ross, S. Lau, C. McCarthur, Z. Toth, and R. Sherkat",Efficient Index Compression in DB2 LUW,http://www1.cs.columbia.edu/~kar/pubsk/indexcompression2009.pdf,PVLDB 2009,,,,
,"M. Canim, B. Bhattacharjee, G. Mihaila, C. Lang, and K. A. Ross",An Object Placement Advisor for DB2 Using Solid State Storage,http://www.vldb.org/pvldb/2/vldb09-853.pdf,PVLDB 2009,,,,
,"J. Cieslewicz, W. Mee, and K.A. Ross",Cache Conscious Buffering for Database Operators with State,http://event.cwi.nl/damon2009/DaMoN09-CacheConsciousBuffering.pdf,DAMON 2009,,,,
,K. A. Ross and J. Cieslewicz,Optimal Splitters for Database Partitioning with Size Bounds,http://www1.cs.columbia.edu/~kar/pubsk/splitters.pdf,ICDT 2009,,,,
,"A. L. Varbanescu, H. J. Sips, K. A. Ross, Q. Liu, A. Natsev, J. R. Smith, and L. K. Liu",Evaluating Application Mapping Scenarios on the Cell/B.E,http://www.cs.columbia.edu/%7Ekar/pubsk/cpe2009.pdf,Concurrency and Computation: Practice and Experience 2009,,,,
,"A. Jain, P. Ipeirotis, A. Doan, and L. Gravano",Join Optimization of Information Extraction Output: Quality Matters!,#,ICDE 2009,,,,
,"H. Becker, M. Naaman, and L. Gravano",Event Identification in Social Media,,WebDB 2009,,,,
,"M. Cafarella, A. Halevy, D. Wang, and E. Wu, Y. Zhang",WebTables: Exploring the Power of Tables on the Web,http://sirrice.github.io/files/papers/webtables-vldb08.pdf,VLDB 2008,,,,
,"M. Cafarella, N. Khoussainova, D. Wang, E. Wu, Y. Zhang, and A. Halevy",Uncovering the Relational Web,http://sirrice.github.io/files/papers/relweb-webdb08.pdf,WebDB 2008,,,,
,"L. Hu, K. A. Ross, Y. C. Chang, C. A. Lang, and D. Zhang",QueryScope: visualizing queries for repeatable database tuning,http://www.vldb.org/pvldb/1/1454209.pdf,VLDB Demo 2008,,,,
,K.A. Ross,Modeling the Performance of Algorithms on Flash Memory Devices,http://www.cse.ust.hk/damon2008/proceedings/p11-ross.pdf,DAMON 2008,,,,
,J. Cieslewicz and K.A. Ross,Data Partitioning on Chip Multiprocessors,http://www.cse.ust.hk/damon2008/proceedings/p25-cieslewicz.pdf,DAMON 2008,,,,
,J. Cieslewicz and K.A. Ross,Database Optimizations for Modern Hardware,http://ieeexplore.ieee.org/xpls/abs_all.jsp?arnumber=4483499,Proceedings of the IEEE 2008,,,,
,K. A. Ross and J. Stoyanovich,Schema Polynomials and Applications,http://www1.cs.columbia.edu/~kar/pubsk/schemapoly.pdf,EDBT 2008,,,,
,P. Ipeirotis and L. Gravano,Classification-Aware Hidden-Web Text Database Selection,http://www1.cs.columbia.edu/~gravano/Papers/2008/tois08.pdf,TOIS 2008,,,,
,"W. Dakka, L. Gravano, and P. Ipeirotis",Answering General Time-Sensitive Queries,#,CIKM 2008,,,,
,"A. Jain, A. Doan, and L. Gravano",Optimizing SQL Queries over Text Databases,#,ICDE 2008,,,,
,"A. Jain, P. Ipeirotis, and L. Gravano",Building Query Optimizers for Information Extraction: The SQoUT Project,,"SIGMOD Record, Special Issue on ""Managing Information Extraction,"" 2008",,,,
,"D. Gyllstrom, E. Wu, H. J. Chae, Y. Diao, P. Stahlberg, and G. Anderson",SASE: Complex Event Processing over Streams (Demo),#,CIDR 2007,,,,
,J. Cieslewicz and K. A. Ross,Adaptive Aggregation on Chip Multiprocessors,http://www.vldb.org/conf/2007/papers/research/p339-cieslewicz.pdf,VLDB 2007,,,,
,"A. L. Varbanescu, H. J. Sips, K. A. Ross, Q. Liu, L. K. Liu, A. Natsev, and J. R. Smith",An Effective Strategy for Porting C++ Applications on Cell,http://www.pds.ewi.tudelft.nl/pubs/papers/icpp2007.pdf,ICPP 2007,,,,
,"L. K. Liu, Q. Liu, A. Natsev, K. A. Ross, J. R. Smith, and A. L. Varbanescu",Digital Media Indexing on the Cell Processor,http://www.power.org/resources/devcorner/cellcorner/ICMEConf2007_MarCell.pdf,ICME 2007,,,,
,"A. L. Varbanescu, H. J. Sips, K. A. Ross, Q. Liu, A. Natsev, J. R. Smith, and L. K. Liu",Running Applications on Cell BE - a Performance Study,#,Workshop on Compilers for Parallel Computers 2007,,,,
,"J. Cieslewicz, K.A. Ross, and I. Giannakakis",Parallel Buffers for Chip Multiprocessors,http://www.cs.cmu.edu/~damon2007/pdf/cieslewicz07parallelbuffers.pdf,DAMON 2007,,,,
,"K.A. Ross, A. Janevski, and J. Stoyanovich",A Faceted Query Engine Applied to Archeology,http://intarch.ac.uk/journal/issue21/stoyanovich_index.html,Internet Archeology 2007,,,,
,K. A. Ross,On the Adequacy of Partial Orders for Preference Composition,http://www.cs.columbia.edu/%7Ekar/pubsk/adequacy.pdf,DBRank 2007,,,,
,"K. A. Ross, P. J. Stuckey, and A. Marian",Practical Preference Relations for Large Data Sets,http://www.cs.columbia.edu/%7Ekar/pubsk/practicalpref.pdf,DBRank 2007,,,,
,K. A. Ross,Efficient Hash Probes on Modern Processors,http://www.cs.columbia.edu/%7Ekar/pubsk/icde2007.pdf,ICDE 2007,,,,
,D. Chatziantoniou and K. A. Ross,Partitioned Optimization of Complex Queries,http://dx.doi.org/10.1016/j.is.2005.09.003,Information Systems 2007,,,,
,"K. A. Ross, D. Vespe, D. Hessing, and P. Jain",Finding Shapes in a Set of Points,http://www.sigmod.org/sigmod/record/issues/0703/04.article-ross.pdf,SIGMOD Record 2007,,,,
,"P. Ipeirotis, E. Agichtein, P. Jain, and L. Gravano",Towards a Query Optimizer for Text-Centric Tasks,http://www1.cs.columbia.edu/~gravano/Papers/2007/tods07b.pdf,TODS 2007,,,,
,"P. Ipeirotis, A. Ntoulas, J. Cho, and L. Gravano",Modeling and Managing Changes in Text Databases,http://www1.cs.columbia.edu/~gravano/Papers/2007/tods07a.pdf,TODS 2007,,,,
,W. Dakka and L. Gravano,Efficient Summarization-Aware Search for Online News Articles,#,JCDL 2007,,,,
,"M. Sayyadian, H. LeKhac, A. Doan, and L. Gravano",Efficient Keyword Search Across Heterogeneous Relational Databases,#,ICDE 2007,,,,
,"A. Jain, A. Doan, and L. Gravano",SQL Queries Over Unstructured Text Databases,#,ICDE 2007,,,,
,"E. Wu, Y. Diao, and S. Rizvi",High-performance complex event processing over streams,http://sirrice.github.io/files/papers/sase-sigmod06.pdf,SIGMOD 2006,,,,
,"D. Gyllstrom, E. Wu, H. J. Chae, Y. Diao, P. Stahlberg, and G. Anderson",SASE: Complex Event Processing over Streams,#,CoRR 2006,,,,
,"M. N. Garofalakis, K. P. Brown, M. J. Franklin, J. M. Hellerstein, D. Z. Wang, E. Michelakis, L. Tancau., E. Wu, S. R. Jeffery, and R. Aipperspach",Probabilistic Data Management for Pervasive Computing: The Data Furnace Project,#,IEEE Data Eng. Bull 2006,,,,
,K. A. Ross,Alpha Radiation is a Major Germ-Line Mutagen over Evolutionary Timescales,http://www.cs.columbia.edu/%7Ekar/pubsk/ffar1999.pdf,Evolutionary Ecology Research 2006,,,,
,"J. Cieslewicz, J. Berry, B. Hendrickson, and K.A. Ross",Realizing Parallelism in Database Operations: Insights from a Massively Multithreaded Architecture,http://www.cs.columbia.edu/%7Ekar/pubsk/damon06.pdf,DAMON 2006 (Best Paper Award winner.),,,,
,"P. Ipeirotis, E. Agichtein, P. Jain, and L. Gravano",To Search or to Crawl? Towards a Query Optimizer for Text-Centric Tasks,#,SIGMOD 2006,,,,
,"M. J. Franklin, S. R. Jeffery, S. Krishnamurthy, F. Reiss, S. Rizvi, E. Wu, O. Cooper, A. Edakkunni, and W. Hong",Design Considerations for High Fan-In Systems: The HiFi Approach,http://sirrice.github.io/files/papers/,CIDR 2005,,,,
,K. A. Ross,Academic Dishonesty and the Internet,http://portal.acm.org/citation.cfm?id=1089107.1089131,Communications of the ACM 2005,,,,
,"K. A. Ross, A. Janevski, and J. Stoyanovich",A Faceted Query Engine Applied to Archaeology,http://www.cs.columbia.edu/%7Ekar/pubsk/vldb2005demo.pdf,VLDB 2005 Demo,,,,
,"J. Zhou, J. Cieslewicz, K. A. Ross, and M. Shah",Improving Database Performance on Simultaneous Multithreading Processors,http://www.cs.columbia.edu/%7Ekar/pubsk/vldb2005.pdf,VLDB 2005,,,,
,"K. A. Ross, J. Cieslewicz, J. Rao, and J. Zhou",Architecture Sensitive Database Design: Examples from the Columbia Group,http://www.cs.columbia.edu/%7Ekar/pubsk/debull2005.pdf,IEEE Data Eng. Bull. 2005,,,,
,"P. Ipeirotis, A. Ntoulas, J. Cho, and L. Gravano",Modeling and Managing Content Changes in Text Databases,#,ICDE 2005,,,,
,"O. Cooper, A. Edakkunni, M. J. Franklin, W. Hong, S. R. Jeffery, S. Krishnamurthy, F. Reiss, S. Rizvi, and E. Wu",HiFi: A Unified Architecture for High Fan-in Systems,#,VLDB 2004 Demo,,,,
,K. A. Ross and J. Stoyanovich,Symmetric Relations and Cardinality Bounded Multisets in Database Systems,http://www.cs.columbia.edu/%7Ekar/pubsk/symm.pdf,VLDB 2004,,,,
,K. A. Ross and A. Janevski,Querying Faceted Databases,http://www.cs.columbia.edu/%7Ekar/pubsk/swdbfinal.pdf,SWDB Workshop 2004,,,,
,J. Zhou and K. A. Ross,Buffering Database Operations for Enhanced Instruction Cache Performance,http://www.cs.columbia.edu/%7Ekar/pubsk/icache.pdf,SIGMOD 2004,,,,
,"A. Aho, A. D. Keromytis, V. Misra, J. Nieh, K. A. Ross, and Y. Yemini","FlowPuter: A Cluster Architecture Unifying Switch, Server and Storage Processing",http://www1.cs.columbia.edu/~kar/pubsk/flowputer.pdf,First International Workshop on Data Processing and Storage Networking: Towards Grid Computing 2004,,,,
,K. A. Ross,Selection Conditions in Main Memory,http://www.cs.columbia.edu/%7Ekar/pubsk/selcondsTODS.pdf,TODS 2004,,,,
,"S. Chaudhuri, L. Gravano, and A. Marian",Optimizing Top-k Selection Queries over Multimedia Repositories,http://www1.cs.columbia.edu/~gravano/Papers/2004/tkde04.pdf,TKDE 2004,,,,
,"A. Marian, N. Bruno, and L. Gravano",Evaluating Top-k Queries over Web-Accessible Databases,http://www1.cs.columbia.edu/~gravano/Papers/2004/tods04.pdf,TODS 2004,,,,
,"E. Agichtein, S. Lawrence, and L. Gravano",Learning to Find Answers to Questions on the Web,http://www1.cs.columbia.edu/~gravano/Papers/2004/toit04.pdf,TOIT 2004,,,,
,P. Ipeirotis and L. Gravano,When one Sample is not Enough: Improving Text Database Selection Using Shrinkage,#,SIGMOD 2004,,,,
,"S. Chaudhuri, V. Ganti, and L. Gravano",Selectivity Estimation for String Predicates: Overcoming the Underestimation Problem,#,ICDE 2004,,,,
,J. Zhou and K. A. Ross,Buffering Accesses to Memory-Resident Index Structures,http://www.cs.columbia.edu/%7Ekar/pubsk/buffer.pdf,VLDB 2003,,,,
,J. Zhou and K. A. Ross,A Multi-Resolution Block Storage Model for Database Design,http://www.cs.columbia.edu/%7Ekar/pubsk/mbsmfinal.ps,IDEAS 2003,,,,
,"L. Gravano, P. Ipeirotis, and M. Sahami",QProber: A System for Automatic Classification of Hidden-Web Databases,http://www1.cs.columbia.edu/~gravano/Papers/2003/tois03.pdf,TOIS 2003,,,,
,"L. Gravano, V. Hatzivassiloglou, and R. Lichtenstein",Categorizing Web Queries According to Geographical Locality,#,CIKM 2003,,,,
,"V. Hristidis, L. Gravano, and Y. Papakonstantinou",Efficient IR-Style Keyword Search over Relational Databases,#,VLDB 2003,,,,
,"L. Gravano, P. Ipeirotis, N. Koudas, and D. Srivastava",Text Joins in an RDBMS for Web Data Integration,#,WWW 2003,,,,
,E. Agichtein and L. Gravano,Querying Text Databases for Efficient Information Extraction,#,ICDE 2003,,,,
,"N. Bruno, L. Gravano, N. Koudas, and D. Srivastava",Navigation- vs. Index-Based XML Multi-Query Processing,#,ICDE 2003,,,,
,"L. Gravano, P. Ipeirotis, N. Koudas, and D. Srivastava",Text Joins for Data Cleansing and Integration in an RDBMS,#,ICDE 2003,,,,
,"E. Agichtein, P. Ipeirotis, and L. Gravano",Modeling Query-Based Access to Text Databases,,WebDB 2003,,,,
,E. Agichtein and L. Gravano,QXtract: A Building Block for Efficient Information Extraction from Text Databases (demonstration),,SIGMOD 2003,,,,
,K. A. Ross,Selection Conditions in Main Memory,http://www.cs.columbia.edu/%7Ekar/pubsk/selections.pdf,PODS 2002,,,,
,J. Zhou and K. A. Ross,Implementing Database Operations Using SIMD Instructions,http://www.cs.columbia.edu/%7Ekar/pubsk/simd.pdf,SIGMOD 2002,,,,
,"N. Bruno, S. Chaudhuri, and L. Gravano",Top-k Selection Queries over Relational Databases: Mapping Strategies and Performance Evaluation,http://www1.cs.columbia.edu/~gravano/Papers/2002/tods02.pdf,TODS 2002,,,,
,P. Ipeirotis and L. Gravano,Distributed Search over the Hidden-Web: Hierarchical Database Sampling and Selection,#,VLDB 2002,,,,
,"N. Bruno, L. Gravano, and A. Marian",Evaluating Top-k Queries over Web-Accessible Databases,#,ICDE 2002,,,,
,"P. Ipeirotis, T. Barry, and L. Gravano",Extending SDARTS: Extracting Metadata from Web Databases and Interfacing with the Open Archives Initiative,#,JCDL 2002,,,,
,"L. Gravano, P. Ipeirotis, and M. Sahami",Query- vs. Crawling-based Classification of Searchable Web Databases,,IEEE Data Eng. Bull. 2002,,,,
,"K. A. Ross, I. Sitzmann, and P. J. Stuckey",Cost-Based Unbalanced R-Trees,http://www.cs.columbia.edu/%7Ekar/pubsk/curtree.pdf,SSDBM 2001,,,,
,"F. Fabret, H. A. Jacobsen, F. Llirbat, J. Pereira, K. A. Ross, and D. Shasha",Filtering Algorithms and Implementation for Very Fast Publish/Subscribe,http://www.cs.columbia.edu/%7Ekar/pubsk/pubsub.ps,SIGMOD 2001,,,,
,"L. Gravano, P. Ipeirotis, H. V. Jagadish, N. Koudas, S. Muthukrishnan, and D. Srivastava",Approximate String Joins in a Database (Almost) for Free,#,VLDB 2001,,,,
,"P. Ipeirotis, L. Gravano, and M. Sahami","Probe, Count, and Classify: Categorizing Hidden Web Databases",#,SIGMOD 2001,,,,
,"N. Bruno, S. Chaudhuri, and L. Gravano",STHoles: A Multidimensional Workload-Aware Histogram,#,SIGMOD 2001,,,,
,"N. Green, P. Ipeirotis, and L. Gravano",SDLIP + STARTS = SDARTS: A Protocol and Toolkit for Metasearching,#,JCDL 2001,,,,
,"K. McKeown, S.-F. Chang, J. Cimino, S. Feiner, C. Friedman, L. Gravano, V. Hatzivassiloglou, S. Johnson, D. Jordan, J. Klavans, A. Kushniruk, V. Patel, and S. Teufel","PERSIVAL, a System for Personalized Search and Summarization over Multimedia Healthcare Information",#,JCDL 2001,,,,
,"E. Agichtein, S. Lawrence, and L. Gravano",Learning Search Engine Specific Query Transformations for Question Answering,#,WWW 2001,,,,
,"E. Agichtein, L. Gravano, J. Pavel, V. Sokolova, and A. Voskoboynik",Snowball: A Prototype System for Extracting Relations from Large Text Collections (demonstration),,SIGMOD 2001,,,,
,"P. Ipeirotis, L. Gravano, and M. Sahami",PERSIVAL Demo: Categorizing Hidden-Web Resources (demonstration),,JCDL 2001,,,,
,"L. Gravano, P. Ipeirotis, H. V. Jagadish, N. Koudas, S. Muthukrishnan, L. Pietarinen, and D. Srivastava",Using q-grams in a DBMS for Approximate String Processing,,IEEE Data Eng. Bull. 2001,,,,
,"J. L. Ambite, Y. Arens, E. Hovy, A. Philpot, L. Gravano, V. Hatzivassiloglou, and J. Klavans",Simplifying Data Access: The Energy Data Collection Project,,IEEE Computer 2001,,,,
,"S. Berchtold, H. V. Jagadish, and K. A. Ross",Independence Diagrams: A Technique for Data Visualization,http://www.cs.columbia.edu/%7Ekar/pubsk/jei00.ps,Journal of Electronic Imaging 2000,,,,
,"J. Pereira, F. Fabret, F. Llirbat, R. Preotiuc-Pietro, K. A. Ross, and D. Shasha",Publish/Subscribe on the Web at Extreme Speed,http://www.cs.columbia.edu/%7Ekar/pubsk/vldb_demo00.ps,VLDB 2000 Demo,,,,
,K. A. Ross and K. A. Zaman,Optimizing Selections over Datacubes,http://www.cs.columbia.edu/%7Ekar/pubsk/selcube.ps,SSDBM 2000,,,,
,K. A. Ross and K. A. Zaman,Serving Datacube Tuples from Main Memory,http://www.cs.columbia.edu/%7Ekar/pubsk/memcube.ps,SSDBM 2000,,,,
,J. Rao and K. A. Ross,Making B+-Trees Cache Conscious in Main Memory,http://www.cs.columbia.edu/%7Ekar/pubsk/csbplustrees.ps,SIGMOD 2000,,,,
,"J. Ding, L. Gravano, and N. Shivakumar",Computing Geographical Scopes of Web Resources,#,VLDB 2000,,,,
,"V. Hatzivassiloglou, L. Gravano, and A. Maganti",An Investigation of Linguistic Features and Clustering Algorithms for Topical Document Clustering,#,SIGIR 2000,,,,
,E. Agichtein and L. Gravano,Snowball: Extracting Relations from Large Plain-Text Collections,#,JCDL 2000,,,,
,"P. Ipeirotis, L. Gravano, and M. Sahami",Automatic Classification of Text Databases through Query Probing,,"WebDB 2000, Also in LNCS Series no. 1997, Springer, 2001",,,,
,"E. Agichtein, E. Eskin, and L. Gravano",Combining Strategies for Extracting Relations from Text Collections,,DMKD 2000,,,,
,L. Gravano,Characterizing Web Resources for Improved Search,,"Position paper for the First NSF-DELOS Workshop on Information Seeking, Searching, and Querying in Digital Libraries, 2000",,,,
,J. Rao and K. A. Ross,Cache Conscious Indexing for Decision-Support in Main Memory,http://www.cs.columbia.edu/%7Ekar/pubsk/csstrees.ps,VLDB 1999,,,,
,Z. Li and K. A. Ross,Fast Joins Using Join Indices,http://www.cs.columbia.edu/%7Ekar/pubsk/tslamjive.ps,VLDB Journal 1999,,,,
,"L. Gravano, H. Garcia-Molina, A. Tomasic",GlOSS: Text-Source Discovery over the Internet,http://www1.cs.columbia.edu/~gravano/Papers/1998/TODS/tods.pdf,TODS 1999,,,,
,S. Chaudhuri and L. Gravano,Evaluating Top-k Selection Queries,#,VLDB 1999,,,,
,"O. Buyukkokten, J. Cho, H. Garcia-Molina, L. Gravano, and N. Shivakumar",Exploiting Geographical Location Information of Web Pages,,WebDB 1999,,,,
,"S. F. Chang, L. Gravano, G. E. Kaiser, K. A. Ross, and S. Stolfo",Database Research at Columbia University,http://www.cs.columbia.edu/%7Ekar/pubsk/sigmodrecord.ps,SIGMOD Record 1998,,,,
,J. Rao and K. A. Ross,Reusing Invariants: A New Strategy for Correlated Queries,http://www.cs.columbia.edu/%7Ekar/pubsk/invariant.ps,SIGMOD 1998,,,,
,"K. A. Ross, D. Srivastava, and D. Chatziantoniou",Complex Aggregation at Multiple Granularities,http://www.cs.columbia.edu/%7Ekar/pubsk/mfcubeedbt.ps,EDBT 1998,,,,
,"K. A. Ross, D. Srivastava, P. J. Stuckey and S. Sudarshan",Foundations of Aggregation Constraints,http://www.cs.columbia.edu/%7Ekar/pubsk/aggconstraints.ps,Theoretical Computer Science 1998,,,,
,L. Gravano and Y. Papakonstantinou,Mediating and Metasearching on the Internet,,IEEE Data Eng. Bull 1998,,,,
,"M. Roscheisen, M. Baldonado, C.-C. K. Chang, L. Gravano, S. Ketchpel, and A. Paepcke",The Stanford InfoBus and Its Service Layers: Augmenting the Internet with Higher-Level Information Management Protocols,,"Digital Libraries in Computer Science: The MeDoc Approach, LNCS Series, 1998",,,,
,"D. Barbara, W. DuMouchel, C. Faloutsos, P. J. Haas, J. M. Hellerstein, Y. Ioannidis, H. V. Jagadish, T. Johnson, R. Ng, V. Poosala, K. A. Ross, and K. C. Sevcik",The New Jersey Data Reduction Report,ftp://ftp.research.microsoft.com/pub/debull/dec97-letfinal.ps,IEEE Data Eng. Bull. 1997,,,,
,I. S. Mumick and K. A. Ross,Attribute-Oriented View Definitions in Relational and Deductive Databases,http://www.cs.columbia.edu/%7Ekar/pubsk/ardood.ps,Fifth International Conference on Deductive and Object-Oriented Databases 1997,,,,
,K. A. Ross and D. Srivastava,Fast Computation of Sparse Datacubes,http://www.cs.columbia.edu/%7Ekar/pubsk/fastcube.ps,VLDB 1997,,,,
,D. Chatziantoniou and K. A. Ross,Groupwise Processing of Relational Queries,http://www.cs.columbia.edu/%7Ekar/pubsk/groupwise.ps,VLDB 1997,,,,
,"A. Kawaguchi, D. Lieuwen, I. S. Mumick, and K. A. Ross",Implementing Incremental View Maintenance in Nested Data Models,http://www.cs.columbia.edu/%7Ekar/pubsk/nested.pdf,International Workshop on Database Programming Languages 1997,,,,
,H. Lei and K. A. Ross,"Faster Joins, Self-Joins and Multi-Way Joins Using Join Indices",http://www.cs.columbia.edu/%7Ekar/pubsk/stripedke.ps,International Workshop on Next Generation Information Technologies and Systems 1997,,,,
,"L. Colby, A. Kawaguchi, D. Lieuwen, I. Mumick, and K. A. Ross",Supporting Multiple View Maintenance Policies,http://www.cs.columbia.edu/%7Ekar/pubsk/viewpolicies.ps,SIGMOD 1997,,,,
,"A. Kawaguchi, D. Lieuwen, I. Mumick, D. Quass, and K. A. Ross",Concurrency Control Theory for Deferred Materialized Views,http://www.cs.columbia.edu/%7Ekar/pubsk/cctheory.ps,ICDT 1997,,,,
,K. A. Ross and Y. Sagiv,Monotonic Aggregation in Deductive Databases,http://www.cs.columbia.edu/%7Ekar/pubsk/aggmon.ps,Journal of Computer and System Sciences 1997,,,,
,"M. Baldonado, C.-C. K. Chang, L. Gravano, and A. Paepcke",The Stanford Digital Library Metadata Architecture,http://www1.cs.columbia.edu/~gravano/Papers/1997/jodl97.pdf,International Journal on Digital Libraries 1997,,,,
,"A. Tomasic, L. Gravano, C. Lue, P. Schwarz, and L. Haas",Data Structures for Efficient Broker Implementation,http://www1.cs.columbia.edu/~gravano/Papers/1997/tois97.pdf,TOIS 1997,,,,
,L. Gravano and H. Garcia-Molina,Merging Ranks from Heterogeneous Internet Sources,#,VLDB 1997,,,,
,"M. Baldonado, C.-C. K. Chang, L. Gravano, and A. Paepcke",Metadata for Digital Libraries: Architecture and Design Rationale,#,JCDL 1997,,,,
,"L. Gravano, C.-C. K. Chang, H. Garcia-Molina, and A. Paepcke",STARTS: Stanford Proposal for Internet Meta-Searching,#,SIGMOD 1997,,,,
,L. Gravano,Resource Indexing and Discovery In a Globally Distributed Digital Library,,"Position paper for the NSF-EU Digital Library Collaboratory Working Group, 1997",,,,
,L. Gravano,Querying Multiple Document Collections across the Internet,,"Ph.D. Dissertation, Stanford University (advisor: H. Garcia-Molina), August 1997",,,,
,D. Chatziantoniou and K. A. Ross,Querying Multiple Features of Groups in Relational Databases,http://www.cs.columbia.edu/%7Ekar/pubsk/groups.ps,VLDB 1996,,,,
,"K. A. Ross, D. Srivastava, and S. Sudarshan",Materialized View Maintenance and Integrity Constraint Checking: Trading Space for Time,http://www.cs.columbia.edu/%7Ekar/pubsk/spacetime.ps,SIGMOD 1996,,,,
,K. A. Ross,Tail Recursion Elimination in Deductive Databases,http://www.cs.columbia.edu/%7Ekar/pubsk/tailrecursion.ps,ACM Transactions on Database Systems 1996,,,,
,"H. Garcia-Molina, L. Gravano, and N. Shivakumar",dSCAM: Finding Document Copies across Multiple Databases,#,"PDIS 1996
",,,,
,S. Chaudhuri and L. Gravano,Optimizing Queries over Multimedia Repositorie,#,SIGMOD 1996,,,,
,S. Chaudhuri and L. Gravano,Optimizing Queries over Multimedia Repositories,,IEEE Data Eng. Bull 1996,,,,
,"L. Gravano, C.-C. K. Chang, H. Garcia-Molina, and A. Paepcke",Informal Internet Standards at Stanford,,Position paper for the 1996 World-Wide Web Consortium (W3C) Distributed Indexing/Searching Workshop 1996,,,,
,"A. Gupta, I. S. Mumick, J. Rao, and K. A. Ross",Adapting Materialized Views After Redefinitions: Techniques and a Performance Study,http://www.cs.columbia.edu/%7Ekar/pubsk/adaptation.ps,SIGMOD 1995,,,,
,K. A. Ross,Efficiently Following Object References for Large Object Collections and Small Main Memory,http://www.cs.columbia.edu/%7Ekar/pubsk/oojive.ps,Fourth International Conference on Deductive and Object-Oriented Databases 1995,,,,
,K. A. Ross,Structural Totality and Constraint Stratification,http://www.cs.columbia.edu/%7Ekar/pubsk/stot.ps,PODS 1995,,,,
,Z. Li and K. A. Ross,PERF Join: An Alternative To Semijoin and Bloom Join,http://www.cs.columbia.edu/%7Ekar/pubsk/perf.ps,CIKM 1995,,,,
,L. Gravano and H. Garcia-Molina,Generalizing GlOSS to Vector-Space Databases and Broker Hierarchies,#,"VLDB 1995
",,,,
,"R. Ramakrishnan, K. A. Ross, D. Srivastava, and S. Sudarshan",Efficient Incremental Evaluation of Queries with Aggregation,http://www.cs.columbia.edu/%7Ekar/pubsk/incagg.ps,International Symposium on Logic Programming 1994,,,,
,K. A. Ross,A Syntactic Stratification Condition Using Constraints,http://www.cs.columbia.edu/%7Ekar/pubsk/sproc.ps,International Symposium on Logic Programming 1994,,,,
,K. A. Ross,Constraint Stratification in Deductive Databases,http://www.cs.columbia.edu/%7Ekar/pubsk/cstratddb.ps,ICLP Workshop on Deductive Databases 1994,,,,
,K. A. Ross,Modular Stratification and Magic Sets for Datalog Programs with Negation,http://www.cs.columbia.edu/%7Ekar/pubsk/modstrat.ps,JCSS 1994,,,,
,K. A. Ross,On Negation in HiLog,http://www.cs.columbia.edu/%7Ekar/pubsk/hilog.ps,Journal of Logic Programming 1994,,,,
,R. Cypher and L. Gravano,"Storage-Efficient, Deadlock-Free Packet Routing Algorithms for Torus Networks",http://www1.cs.columbia.edu/~gravano/Papers/1994/IEEE_tc94.ps,TC 1994,,,,
,R. Cypher and L. Gravano,"Requirements for Deadlock-Free, Adaptive Packet Routing",http://www1.cs.columbia.edu/~gravano/Papers/1994/SIAM_jc94.ps,SIAM Journal on Computing 1994,,,,
,"L. Gravano, G. Pifarre, P. Berman, and J. Sanz",Adaptive Deadlock- and Livelock-Free Routing with All Minimal Paths in Torus Networks,http://www1.cs.columbia.edu/~gravano/Papers/1994/tpdsDec94.pdf,TPDS 1994,,,,
,"G. Pifarre, L. Gravano, G. Denicolay, and J. Sanz",Adaptive Deadlock- and Livelock-Free Routing in the Hypercube Network,http://www1.cs.columbia.edu/~gravano/Papers/1994/tpdsNov94.pdf,TPDS 1994,,,,
,"G. Pifarre, L. Gravano, S. Felperin, and J. Sanz","Fully Adaptive Minimal Deadlock-Free Packet Routing in Hypercubes, Meshes, and Other Networks: Algorithms and Simulations",http://www1.cs.columbia.edu/~gravano/Papers/1994/tpdsMar94.pdf,TPDS 1994,,,,
,"L. Gravano, H. Garcia-Molina, and A. Tomasic",Precision and Recall of GlOSS Estimators for Database Discovery,#,PDIS 1994,,,,
,"L. Gravano, H. Garcia-Molina, and A. Tomasic",The Effectiveness of GlOSS for the Text-Database Discovery Problem,#,SIGMOD 1994,,,,
,I. S. Mumick and K. A. Ross,`Noodle: A Language for Declarative Querying in an Object-Oriented Database,http://www.cs.columbia.edu/%7Ekar/pubsk/noodle.ps,Third International Conference on Deductive and Object-Oriented Databases 1993,,,,
,I. S. Mumick and K. A. Ross,An Architecture for Declarative Object-Oriented Databases,#,JILPS Workshop on Deductive Databases 1992,,,,
,K. A. Ross,Relations with Relation Names as Arguments: Algebra and Calculus,http://www.cs.columbia.edu/%7Ekar/pubsk/relationnames.ps,PODS 1992,,,,
,K. A. Ross,A Procedural Semantics for Well-Founded Negation in Logic Programs,http://www.cs.columbia.edu/%7Ekar/pubsk/procedural.ps,Journal of Logic Programming 1992,,,,
,R. Cypher and L. Gravano,"Requirements for Deadlock-Free, Adaptive Packet Routing",#,PODC 1992,,,,
,R. Cypher and L. Gravano,"Adaptive, Deadlock-Free Packet Routing in Torus Networks with Minimal Storage",#,ICPP 1992,,,,
,"P. Berman, L. Gravano, G. Pifarre, and J. Sanz",Adaptive Deadlock- and Livelock-Free Routing with All Minimal Paths in Torus Networks,#,SPAA 1992,,,,
,"L. Gravano, G. Pifarre, G. Denicolay, and J. Sanz",Adaptive Deadlock-Free Worm-Hole Routing in Hypercubes,#,IPPS 1992,,,,
,K. A. Ross,Modular Acyclicity and Tail Recursion in Logic Programs,http://dl.acm.org/citation.cfm?id=113422,PODS 1991,,,,
,K. A. Ross,On Negation in HiLog,http://www.cs.columbia.edu/~kar/pubsk/hilog.ps,PODS 1991,,,,
,G. K. Robinson and K. A. Ross,Blending in the Ends of Chevron Stockpiles,#,Bulk Solids Handling 1991,,,,
,"A. V. Gelder, K. A. Ross, and J. S. Schlipf",The Well-Founded Semantics for General Logic Programs,http://www.cs.columbia.edu/%7Ekar/pubsk/wfjacm.ps,JACM 1991,,,,
,"G. Phipps, M. A. Derr, and K. A. Ross",Glue-Nail: A Deductive Database System,http://www.cs.columbia.edu/%7Ekar/pubsk/gluenail.ps,SIGMOD 1991,,,,
,"S. Felperin, L. Gravano, G. Pifarre, and J. Sanz",Fully-Adaptive Routing: Packet Switching Performance and Worm-Hole Algorithms,#,SC 1991,,,,
,"G. Pifarre, L. Gravano, S. Felperin, and J. Sanz","Fully-Adaptive Minimal Deadlock-Free Packet Routing in Hypercubes, Meshes, and Other Networks",#,SPAA 1991,,,,
,"S. Felperin, L. Gravano, G. Pifarre, and J. Sanz",Routing Techniques for Massively Parallel Communication,,Proceedings of the IEEE 1991,,,,
,K. A. Ross,Modular Stratification and Magic Sets for Datalog Programs with Negation,http://www.cs.columbia.edu/~kar/pubsk/modstrat.ps,PODS 1990,,,,
,K. A. Ross,A Procedural Semantics for Well-Founded Negation in Logic Programs,http://www.cs.columbia.edu/~kar/pubsk/procedural.ps,PODS 1989,,,,
,K. A. Ross,The Well-Founded Semantics for Disjunctive Logic Programs,#,First International Conference on Deductive and Object Oriented Databases 1989,,,,
,"A. V. Gelder, K. A. Ross, and J. S. Schlipf",Unfounded Sets and Well-Founded Semantics for General Logic Programs,http://dl.acm.org/citation.cfm?id=308444,PODS 1988,,,,
,K. A. Ross and R. W. Topor,Inferring Negative Information From Disjunctive Databases,http://link.springer.com/article/10.1007/BF00297247,Journal of Automated Reasoning 1988,,,,
,K. A. Ross and C. J. Thompson,Iteration of Some Discretizations of the Nonlinear Schrodinger Equation,http://dx.doi.org/10.1016/0378-4371(86)90159-7,Physica 1986,,,,
,"C. J. Thompson, K. A. Ross, B. J. P. Thompson, and M. Lakshmanan",Chaotic Planar States of the Discrete Dynamical Anisotropic Heisenberg Spin Chain,http://dx.doi.org/10.1016/0378-4371(85)90072-X,Physica 1985,,,,